company_name,career_url
1Password,https://www.1password.com
42 Technologies,https://www.42technologies.com/
abiturma,https://www.abiturma.de/
Ably,https://www.ably.io/
Abstract API,https://www.abstractapi.com
acct,https://acct.global
Acivilate,https://acivilate.com/
Acquia,https://www.acquia.com/
ActiveCampaign,https://www.activecampaign.com/
Ad Hoc,https://www.adhocteam.us/
Adaface,https://www.adaface.com
Adeva,https://adevait.com/
Adzuna,https://www.adzuna.co.uk/
AE Studio,https://ae.studio/
Aerolab,https://aerolab.co/
Aha!,https://www.aha.io
Airbyte,https://airbyte.com/
Alan,https://alan.com/
Amazon,https://www.amazon.jobs/en/locations/virtual-locations
Andela,https://andela.com/
Anomali,https://www.anomali.com/company/careers
Appinio,https://appinio.com/
Applaudo,https://applaudostudios.com
Appwrite,https://appwrite.io
argyle,https://argyle.com/
Arkency,https://arkency.com/
Articulate,https://www.articulate.com
Astronomer,https://www.astronomer.io/
Atlassian,https://www.atlassian.com/
Audiense,https://www.audiense.com/
Auth0,https://auth0.com/
Balsamiq,https://balsamiq.com/
Bandcamp,https://bandcamp.com/
Baremetrics,https://baremetrics.com/
Basecamp,https://basecamp.com/
BeBanjo,https://bebanjo.com/
BeenVerified,https://www.beenverified.com/
BetterUp,https://www.betterup.com/
BeyondPricing,https://beyondpricing.com
Buffer,https://buffer.com/
Canonical,https://www.canonical.com/
Capchase,https://www.capchase.com/
CircleCI,https://circleci.com/
CivicActions,https://civicactions.com/
Civo,https://www.civo.com
Clevertech,https://clevertech.biz/
ClickUp,https://clickup.com/
Close,https://close.com
Coalition Technologies,https://coalitiontechnologies.com/
CodePen,https://codepen.io
CodeSandbox,https://codesandbox.io
Coinbase,https://www.coinbase.com
Collabora,https://www.collabora.com/
ConsenSys,https://consensys.net/
Coursera,https://www.coursera.org/
Crossover,https://www.crossover.com
Crowdstrike,https://www.crowdstrike.com
Customer.io,https://customer.io
Dashlane,https://dashlane.com
Datadog,https://www.datadoghq.com/
DataStax,https://www.datastax.com/
Delighted,https://delighted.com
DigitalOcean,https://www.digitalocean.com/
Discord,https://discord.com/
Discourse,https://www.discourse.org/
Docker,https://www.docker.com
Doist,https://doist.com
Dropbox,https://www.dropbox.com/
DuckDuckGo,https://duckduckgo.com/
Elastic,https://www.elastic.co/
Epic Games,https://www.epicgames.com/site/en-US/careers
Etsy,https://www.etsy.com/
Evil Martians,https://evilmartians.com/
Evrone,https://evrone.com/
Fastly,https://www.fastly.com/
Fauna,https://www.fauna.com/
Ghost Foundation,https://ghost.org/
GitLab,https://about.gitlab.com/
GoDaddy,https://www.godaddy.com/
Grafana Labs,https://grafana.com/
Graylog,https://www.graylog.org/
Groove,https://www.groovehq.com
Gruntwork,https://www.gruntwork.io/
Harvest,https://www.getharvest.com/
Help Scout,https://www.helpscout.net/
Heroku,https://www.heroku.com/
Honeybadger,https://www.honeybadger.io/
Hopper,https://www.hopper.com/
Hotjar,https://careers.hotjar.com/
Human Made,https://hmn.md
IBM,https://www.ibm.com
Intercom,https://www.intercom.io/
Intuit Inc.,https://www.intuit.com/
InVision,https://www.invisionapp.com/
IOHK,https://iohk.io/
Iterative,https://www.iterative.ai/
Kinsta,https://kinsta.com
Klaviyo,https://www.klaviyo.com/
Kraken,https://kraken.com
Labelbox,https://labelbox.com/
Leadfeeder,https://www.leadfeeder.com
LeadIQ,https://leadiq.com/
Litmus,https://litmus.com/
LivePerson,https://www.liveperson.com/company/careers
Luxoft,https://www.luxoft.com/
MailerLite,https://www.mailerlite.com
Mapbox,https://www.mapbox.com/
MarsBased,https://marsbased.com/
Memberful,https://memberful.com
Microsoft,https://www.microsoft.com/
Mixmax,https://mixmax.com
MongoDB,https://mongodb.com
Mozilla,https://www.mozilla.org/
Muck Rack,https://muckrack.com
Mux,https://mux.com
Nagarro,https://www.nagarro.com/en
NodeSource,https://nodesource.com/
Nvidia,https://www.nvidia.com/
Octopus Deploy,https://octopus.com/
Okta,https://www.okta.com
Oracle,https://www.oracle.com/
PagerDuty,https://pagerduty.com
Parabol,https://www.parabol.co/
Parsely,https://www.parse.ly/
Paylocity,https://www.paylocity.com/
Percona,https://www.percona.com
Pex,https://pex.com
Plex,https://plex.tv
Polygon,https://polygon.technology/careers/#all-roles
Prezi,https://prezi.com/jobs/
Prezly,https://www.prezly.com/
Primer,https://primer.io/careers
Prisma,https://www.prisma.io/
Puppet,https://puppet.com/
Quora,https://www.quora.com
Ramp,https://www.ramp.com/
Red Hat,https://www.redhat.com
Reddit,https://www.redditinc.com
ReCharge,https://rechargepayments.com/
Recurly,https://recurly.com/
Replit,https://replit.com
Revolut,https://www.revolut.com/
Rocket.Chat,https://rocket.chat
Salesforce,https://www.salesforce.com/
Scrapinghub,https://scrapinghub.com/
ScyllaDB,https://scylladb.com/
Semaphore,https://semaphoreci.com
Shopify,https://www.shopify.com
Silverfin,https://www.silverfin.com/
Skillshare,https://www.skillshare.com/teach
Spotify,https://www.spotify.com/
Spreedly,https://spreedly.com/
Stack Exchange,https://stackexchange.com/
Status,https://www.status.im/
Sticker Mule,https://www.stickermule.com/
Stripe,https://stripe.com/
SUSE,https://www.suse.com/
Teamflow,https://www.teamflowhq.com/
Teleport,https://teleport.org/
Tenable,https://www.tenable.com/
TestGorilla,https://www.testgorilla.com/
TheoremOne,https://theoremone.co/
toggl,https://toggl.com/
Toptal,https://www.toptal.com/
Turing,https://www.turing.com/
Twilio,https://www.twilio.com/
Udacity,https://www.udacity.com/
Vercel,https://vercel.com/
VMware,https://www.vmware.com/in.html
WebFX,https://www.webfx.com
Wikimedia Foundation,https://wikimediafoundation.org
Wolfram,https://www.wolfram.com
X-Team,https://x-team.com/
Xapo,https://xapo.com/en/
Yandex,https://yandex.com/
Zenrows,https://www.zenrows.com/
